{
  "iteration": 3,
  "sample_coverage": 0.2543086939869782,
  "cluster_coverage": 0.5555555555555556,
  "active_rules": 4,
  "dead_rules": 2,
  "yaraqa_issues": 0
}