{
  "iteration": 6,
  "sample_coverage": 0.6867469879518072,
  "cluster_coverage": 0.5714285714285714,
  "active_rules": 4,
  "dead_rules": 1,
  "yaraqa_issues": 0
}